{
  "Open Main Page" : {
    "transaction" : "Open Main Page",
    "sampleCount" : 1,
    "errorCount" : 0,
    "errorPct" : 0.0,
    "meanResTime" : 1533.0,
    "medianResTime" : 1533.0,
    "minResTime" : 1533.0,
    "maxResTime" : 1533.0,
    "pct1ResTime" : 1533.0,
    "pct2ResTime" : 1533.0,
    "pct3ResTime" : 1533.0,
    "throughput" : 0.6523157208088715,
    "receivedKBytesPerSec" : 4.920397097195043,
    "sentKBytesPerSec" : 0.30131380463144164
  },
  "/apple-macbook-pro-13-inch-10" : {
    "transaction" : "/apple-macbook-pro-13-inch-10",
    "sampleCount" : 1,
    "errorCount" : 0,
    "errorPct" : 0.0,
    "meanResTime" : 314.0,
    "medianResTime" : 314.0,
    "minResTime" : 314.0,
    "maxResTime" : 314.0,
    "pct1ResTime" : 314.0,
    "pct2ResTime" : 314.0,
    "pct3ResTime" : 314.0,
    "throughput" : 3.1847133757961785,
    "receivedKBytesPerSec" : 28.363853503184714,
    "sentKBytesPerSec" : 1.738530055732484
  },
  "/-1" : {
    "transaction" : "/-1",
    "sampleCount" : 1,
    "errorCount" : 0,
    "errorPct" : 0.0,
    "meanResTime" : 1533.0,
    "medianResTime" : 1533.0,
    "minResTime" : 1533.0,
    "maxResTime" : 1533.0,
    "pct1ResTime" : 1533.0,
    "pct2ResTime" : 1533.0,
    "pct3ResTime" : 1533.0,
    "throughput" : 0.6523157208088715,
    "receivedKBytesPerSec" : 4.920397097195043,
    "sentKBytesPerSec" : 0.30131380463144164
  },
  "/cart-19" : {
    "transaction" : "/cart-19",
    "sampleCount" : 1,
    "errorCount" : 0,
    "errorPct" : 0.0,
    "meanResTime" : 284.0,
    "medianResTime" : 284.0,
    "minResTime" : 284.0,
    "maxResTime" : 284.0,
    "pct1ResTime" : 284.0,
    "pct2ResTime" : 284.0,
    "pct3ResTime" : 284.0,
    "throughput" : 3.5211267605633805,
    "receivedKBytesPerSec" : 18.87447733274648,
    "sentKBytesPerSec" : 1.8877915933098592
  },
  "Total" : {
    "transaction" : "Total",
    "sampleCount" : 5,
    "errorCount" : 1,
    "errorPct" : 20.0,
    "meanResTime" : 536.8,
    "medianResTime" : 314.0,
    "minResTime" : 231.0,
    "maxResTime" : 1533.0,
    "pct1ResTime" : 1533.0,
    "pct2ResTime" : 1533.0,
    "pct3ResTime" : 1533.0,
    "throughput" : 1.8573551263001484,
    "receivedKBytesPerSec" : 11.35199491549034,
    "sentKBytesPerSec" : 1.0589100807949479
  },
  "Search" : {
    "transaction" : "Search",
    "sampleCount" : 1,
    "errorCount" : 0,
    "errorPct" : 0.0,
    "meanResTime" : 636.0,
    "medianResTime" : 636.0,
    "minResTime" : 636.0,
    "maxResTime" : 636.0,
    "pct1ResTime" : 636.0,
    "pct2ResTime" : 636.0,
    "pct3ResTime" : 636.0,
    "throughput" : 1.5723270440251573,
    "receivedKBytesPerSec" : 25.659333235062892,
    "sentKBytesPerSec" : 1.6782748624213837
  },
  "/search-5" : {
    "transaction" : "/search-5",
    "sampleCount" : 1,
    "errorCount" : 0,
    "errorPct" : 0.0,
    "meanResTime" : 322.0,
    "medianResTime" : 322.0,
    "minResTime" : 322.0,
    "maxResTime" : 322.0,
    "pct1ResTime" : 322.0,
    "pct2ResTime" : 322.0,
    "pct3ResTime" : 322.0,
    "throughput" : 3.105590062111801,
    "receivedKBytesPerSec" : 23.022006017080745,
    "sentKBytesPerSec" : 1.6195166925465838
  },
  "Add Product" : {
    "transaction" : "Add Product",
    "sampleCount" : 1,
    "errorCount" : 1,
    "errorPct" : 100.0,
    "meanResTime" : 231.0,
    "medianResTime" : 231.0,
    "minResTime" : 231.0,
    "maxResTime" : 231.0,
    "pct1ResTime" : 231.0,
    "pct2ResTime" : 231.0,
    "pct3ResTime" : 231.0,
    "throughput" : 4.329004329004329,
    "receivedKBytesPerSec" : 5.7875067640692635,
    "sentKBytesPerSec" : 3.3989448051948052
  },
  "/addproducttocart/details/4/1-13" : {
    "transaction" : "/addproducttocart/details/4/1-13",
    "sampleCount" : 1,
    "errorCount" : 1,
    "errorPct" : 100.0,
    "meanResTime" : 231.0,
    "medianResTime" : 231.0,
    "minResTime" : 231.0,
    "maxResTime" : 231.0,
    "pct1ResTime" : 231.0,
    "pct2ResTime" : 231.0,
    "pct3ResTime" : 231.0,
    "throughput" : 4.329004329004329,
    "receivedKBytesPerSec" : 5.7875067640692635,
    "sentKBytesPerSec" : 3.3989448051948052
  },
  "Cart" : {
    "transaction" : "Cart",
    "sampleCount" : 1,
    "errorCount" : 0,
    "errorPct" : 0.0,
    "meanResTime" : 284.0,
    "medianResTime" : 284.0,
    "minResTime" : 284.0,
    "maxResTime" : 284.0,
    "pct1ResTime" : 284.0,
    "pct2ResTime" : 284.0,
    "pct3ResTime" : 284.0,
    "throughput" : 3.5211267605633805,
    "receivedKBytesPerSec" : 18.87447733274648,
    "sentKBytesPerSec" : 1.8877915933098592
  }
}